{
  "c0": {
    "num_nodes": 341,
    "num_edges": 2823,
    "density": 0.04869760220803864,
    "diameter": 2,
    "avg_deg": 16.55718475073314
  },
  "c1": {
    "num_nodes": 430,
    "num_edges": 6077,
    "density": 0.06588605193256356,
    "diameter": 5,
    "avg_deg": 28.26511627906977
  },
  "c2": {
    "num_nodes": 116,
    "num_edges": 1013,
    "density": 0.15187406296851574,
    "diameter": 8,
    "avg_deg": 17.46551724137931
  },
  "c3": {
    "num_nodes": 441,
    "num_edges": 16749,
    "density": 0.17263450834879407,
    "diameter": 2,
    "avg_deg": 75.95918367346938
  },
  "c4": {
    "num_nodes": 323,
    "num_edges": 6288,
    "density": 0.12091610099417341,
    "diameter": 5,
    "avg_deg": 38.93498452012384
  },
  "c5": {
    "num_nodes": 25,
    "num_edges": 260,
    "density": 0.8666666666666667,
    "diameter": 2,
    "avg_deg": 20.8
  },
  "c6": {
    "num_nodes": 206,
    "num_edges": 1983,
    "density": 0.09391427894861473,
    "diameter": 3,
    "avg_deg": 19.25242718446602
  },
  "c7": {
    "num_nodes": 226,
    "num_edges": 5600,
    "density": 0.22025565388397247,
    "diameter": 5,
    "avg_deg": 49.557522123893804
  },
  "c8": {
    "num_nodes": 551,
    "num_edges": 8741,
    "density": 0.05768685035472694,
    "diameter": 3,
    "avg_deg": 31.727767695099818
  },
  "c9": {
    "num_nodes": 19,
    "num_edges": 136,
    "density": 0.7953216374269005,
    "diameter": 2,
    "avg_deg": 14.31578947368421
  },
  "c10": {
    "num_nodes": 19,
    "num_edges": 129,
    "density": 0.7543859649122807,
    "diameter": 2,
    "avg_deg": 13.578947368421053
  },
  "c11": {
    "num_nodes": 73,
    "num_edges": 1486,
    "density": 0.5654490106544902,
    "diameter": 3,
    "avg_deg": 40.71232876712329
  },
  "c12": {
    "num_nodes": 423,
    "num_edges": 11422,
    "density": 0.12797328941324101,
    "diameter": 2,
    "avg_deg": 54.004728132387704
  },
  "c13": {
    "num_nodes": 237,
    "num_edges": 16543,
    "density": 0.5915397268111278,
    "diameter": 3,
    "avg_deg": 139.60337552742615
  },
  "c14": {
    "num_nodes": 548,
    "num_edges": 5356,
    "density": 0.03573573172847249,
    "diameter": 3,
    "avg_deg": 19.547445255474454
  },
  "c15": {
    "num_nodes": 61,
    "num_edges": 206,
    "density": 0.11256830601092896,
    "diameter": 3,
    "avg_deg": 6.754098360655738
  }
}