{
  "num_nodes": 4039,
  "num_edges": 88234,
  "density": 0.010819963503439287,
  "modularity": 0.8349375961001034,
  "avg_deg": 43.69101262688784,
  "diameter": 8
}